# Host: localhost  (Version: 5.6.17)
# Date: 2015-01-23 07:42:24
# Generator: MySQL-Front 5.3  (Build 4.136)

/*!40101 SET NAMES utf8 */;

#
# Structure for table "app"
#

CREATE TABLE `app` (
  `id_app` int(11) NOT NULL AUTO_INCREMENT,
  `name_app` varchar(30) NOT NULL DEFAULT '',
  `desc_app` varchar(30) NOT NULL DEFAULT '',
  `file_app` varchar(255) NOT NULL DEFAULT '',
  PRIMARY KEY (`id_app`)
) ENGINE=InnoDB DEFAULT CHARSET=latin1;

#
# Data for table "app"
#


#
# Structure for table "battery"
#

CREATE TABLE `battery` (
  `id_bat` int(11) NOT NULL AUTO_INCREMENT,
  `type_bat` varchar(20) NOT NULL DEFAULT '',
  PRIMARY KEY (`id_bat`)
) ENGINE=InnoDB AUTO_INCREMENT=3 DEFAULT CHARSET=latin1;

#
# Data for table "battery"
#

INSERT INTO `battery` VALUES (1,'Ion-Litio'),(2,'Polímero-Litio');

#
# Structure for table "bluetooth"
#

CREATE TABLE `bluetooth` (
  `id_blu` int(11) NOT NULL AUTO_INCREMENT,
  `type_blu` varchar(30) NOT NULL DEFAULT '',
  PRIMARY KEY (`id_blu`)
) ENGINE=InnoDB AUTO_INCREMENT=8 DEFAULT CHARSET=latin1;

#
# Data for table "bluetooth"
#

INSERT INTO `bluetooth` VALUES (1,'Bluetooth v1.0'),(2,'Bluetooth v1.1'),(3,'Bluetooth v1.2'),(4,'Bluetooth v2.0'),(5,'Bluetooth v2.1'),(6,'Bluetooth v3.0'),(7,'Bluetooth v4.0');

#
# Structure for table "cpu"
#

CREATE TABLE `cpu` (
  `id_cpu` int(11) NOT NULL AUTO_INCREMENT,
  `name_cpu` varchar(255) NOT NULL DEFAULT '',
  `frec_cpu` varchar(20) NOT NULL DEFAULT '',
  `core_cpu` int(2) NOT NULL DEFAULT '0',
  `feature_cpu` varchar(255) NOT NULL DEFAULT '',
  `revision_cpu` varchar(30) NOT NULL DEFAULT '',
  `hard_cpu` varchar(30) NOT NULL DEFAULT '',
  `gpu` varchar(30) NOT NULL DEFAULT '',
  PRIMARY KEY (`id_cpu`)
) ENGINE=InnoDB AUTO_INCREMENT=4 DEFAULT CHARSET=latin1;

#
# Data for table "cpu"
#

INSERT INTO `cpu` VALUES (1,'ere','ddweredd',1,'wer','dddwerwd','dwerrddd','ddwerdd'),(2,'ARMv7 Processor rev 3 (v7l)  1300MHz','1300000',4,';swp;half;thumb;fastmult;vfp;edsp;thumbee;neon;vfpv3;tls;vfpv4;idiva;idivt;',' 3',' 3','Mali'),(3,'ARMv7 Processor rev 4 (v7l)  1134MHz','1134000',2,';swp;half;thumb;fastmult;vfp;edsp;thumbee;neon;vfpv3;tls;',' 4',' 4','SVRG544');

#
# Structure for table "device"
#

CREATE TABLE `device` (
  `id_device` varchar(30) NOT NULL DEFAULT '0',
  `name_dev` varchar(30) NOT NULL DEFAULT '',
  `model_dev` varchar(30) NOT NULL DEFAULT '',
  `ver_so` varchar(10) NOT NULL DEFAULT '',
  `kernel` varchar(255) NOT NULL DEFAULT '',
  `build_dev` varchar(50) NOT NULL DEFAULT '',
  `locale_dev` varchar(20) NOT NULL DEFAULT '',
  `sto_ext_sd_t` varchar(20) NOT NULL DEFAULT '',
  `sto_ext_sd_d` varchar(20) NOT NULL DEFAULT '',
  `sto_s2sd_t` varchar(20) NOT NULL DEFAULT '',
  `sto_s2sd_d` varchar(20) NOT NULL DEFAULT '',
  `sto_inter_t` varchar(20) NOT NULL DEFAULT '',
  `sto_inter_d` varchar(20) NOT NULL DEFAULT '',
  `sto_sys_t` varchar(20) NOT NULL DEFAULT '',
  `sto_sys_d` varchar(20) NOT NULL DEFAULT '',
  `cache_sys_t` varchar(20) NOT NULL DEFAULT '',
  `cache_sys_d` varchar(20) NOT NULL DEFAULT '',
  `ram_t` varchar(20) NOT NULL DEFAULT '',
  `ram_d` varchar(20) NOT NULL DEFAULT '',
  `ram_l` varchar(20) NOT NULL DEFAULT '',
  `color` varchar(11) NOT NULL DEFAULT '0',
  `h_dev` varchar(10) NOT NULL DEFAULT '',
  `w_dev` varchar(10) NOT NULL DEFAULT '',
  `bulk_dev` varchar(10) NOT NULL DEFAULT '',
  `weight_dev` varchar(10) NOT NULL DEFAULT '',
  `id_blu` int(11) NOT NULL DEFAULT '0',
  `cert_google` binary(1) NOT NULL DEFAULT '\0',
  `all_app_dev` blob NOT NULL,
  PRIMARY KEY (`id_device`),
  UNIQUE KEY `iddispositivos_UNIQUE` (`id_device`),
  KEY `color_dev` (`color`),
  KEY `id_blu` (`id_blu`),
  CONSTRAINT `id_blu` FOREIGN KEY (`id_blu`) REFERENCES `bluetooth` (`id_blu`)
) ENGINE=InnoDB DEFAULT CHARSET=latin1;

#
# Data for table "device"
#

INSERT INTO `device` VALUES ('FA28MW400886',' villec2',' HTC One S',' 4.1.2','Linux version 3.4.61-LIBERTY-SENSE-v4-g291f820-dirty (dominos@ubuntu) (gcc version 4.7 (GCC) ) #1 SMP PREEMPT Thu Sep 12 143620 EAT 2013',' JRO03C',' es_ES',' 9,93 GB',' 2,16 GB',' 63,98 MB',' 2,88 MB',' 2,21 GB',' 392 MB',' 1,48 GB',' 842 MB',' 252 MB',' 235 MB',' 870 MB',' 171 MB',' 35,23 MB','#663366','123','123','12','125',3,X'31',X'7061636B6167653A616E64726F69643B7061636B6167653A63632E6D61646B6974652E66726565646F6D3B7061636B6167653A636F6D2E61646F62652E666C617368706C617965723B7061636B6167653A636F6D2E61646F62652E7265616465723B7061636B6167653A636F6D2E616C61726D636C6F636B2E787472656D652E667265653B7061636B6167653A636F6D2E616D617A6F6E2E6D53686F702E616E64726F69642E73686F7070696E673B7061636B6167653A636F6D2E616E64646F65732E6C61756E636865723B7061636B6167653A636F6D2E616E64726F69642E43534446756E6374696F6E473B7061636B6167653A636F6D2E616E64726F69642E617070732E7461673B7061636B6167653A636F6D2E616E64726F69642E6261636B7570636F6E6669726D3B7061636B6167653A636F6D2E616E64726F69642E626C7565746F6F74683B7061636B6167653A636F6D2E616E64726F69642E62726F777365723B7061636B6167653A636F6D2E616E64726F69642E63616C63756C61746F72323B7061636B6167653A636F6D2E616E64726F69642E63616D6572613B7061636B6167653A636F6D2E616E64726F69642E63657274696E7374616C6C65723B7061636B6167653A636F6D2E616E64726F69642E6368726F6D653B7061636B6167653A636F6D2E616E64726F69642E646566636F6E7461696E65723B7061636B6167653A636F6D2E616E64726F69642E687463636F6E74616374733B7061636B6167653A636F6D2E616E64726F69642E6874636469616C65723B7061636B6167653A636F6D2E616E64726F69642E68746D6C7669657765723B7061636B6167653A636F6D2E616E64726F69642E6B6579636861696E3B7061636B6167653A636F6D2E616E64726F69642E6C6D743B7061636B6167653A636F6D2E616E64726F69642E6D6D733B7061636B6167653A636F6D2E616E64726F69642E6D757369637669733B7061636B6167653A636F6D2E616E64726F69642E6E6F6973656669656C643B7061636B6167653A636F6D2E616E64726F69642E7061636B616765696E7374616C6C65723B7061636B6167653A636F6D2E616E64726F69642E70686173656265616D3B7061636B6167653A636F6D2E616E64726F69642E70686F6E653B7061636B6167653A636F6D2E616E64726F69642E70726F7669646572732E6170706C69636174696F6E733B7061636B6167653A636F6D2E616E64726F69642E70726F7669646572732E63616C656E6461723B7061636B6167653A636F6D2E616E64726F69642E70726F7669646572732E636F6E74616374733B7061636B6167653A636F6D2E616E64726F69642E70726F7669646572732E646F776E6C6F6164733B7061636B6167653A636F6D2E616E64726F69642E70726F7669646572732E646F776E6C6F6164732E75693B7061636B6167653A636F6D2E616E64726F69642E70726F7669646572732E687463436865636B696E3B7061636B6167653A636F6D2E616E64726F69642E70726F7669646572732E6874636D6573736167653B7061636B6167653A636F6D2E616E64726F69642E70726F7669646572732E6D656469613B7061636B6167653A636F6D2E616E64726F69642E70726F7669646572732E73657474696E67733B7061636B6167653A636F6D2E616E64726F69642E70726F7669646572732E74656C6570686F6E793B7061636B6167653A636F6D2E616E64726F69642E70726F7669646572732E7573657264696374696F6E6172793B7061636B6167653A636F6D2E616E64726F69642E73657474696E67733B7061636B6167653A636F6D2E616E64726F69642E73686172656473746F726167656261636B75703B7061636B6167653A636F6D2E616E64726F69642E73797374656D75693B7061636B6167653A636F6D2E616E64726F69642E757064617465723B7061636B6167653A636F6D2E616E64726F69642E76656E64696E673B7061636B6167653A636F6D2E616E64726F69642E76706E6469616C6F67733B7061636B6167653A636F6D2E616E64726F69642E77616C6C70617065723B7061636B6167653A636F6D2E616E64726F69642E77616C6C70617065722E686F6C6F73706972616C3B7061636B6167653A636F6D2E6170706C657069652E616E64726F69642E736D616C6C63616D6572613B7061636B6167653A636F6D2E62626D3B7061636B6167653A636F6D2E62726F6164636F6D2E62742E6170702E73797374656D3B7061636B6167653A636F6D2E6275616B2E4C696E6B3253443B7061636B6167653A636F6D2E636D2E6C61756E636865723B7061636B6167653A636F6D2E66616365626F6F6B2E6B6174616E613B7061636B6167653A636F6D2E66616365626F6F6B2E6F7263613B7061636B6167653A636F6D2E66642E68747470643B7061636B6167653A636F6D2E676D2E64657370656761723B7061636B6167653A636F6D2E676F6F676C652E616E64726F69642E617070732E626F6F6B733B7061636B6167653A636F6D2E676F6F676C652E616E64726F69642E617070732E646F63733B7061636B6167653A636F6D2E676F6F676C652E616E64726F69642E617070732E67656E69652E67656E69657769646765743B7061636B6167653A636F6D2E676F6F676C652E616E64726F69642E617070732E6D6170733B7061636B6167653A636F6D2E676F6F676C652E616E64726F69642E617070732E706C75733B7061636B6167653A636F6D2E676F6F676C652E616E64726F69642E6261636B75703B7061636B6167653A636F6D2E676F6F676C652E616E64726F69642E676D3B7061636B6167653A636F6D2E676F6F676C652E616E64726F69642E676D733B7061636B6167653A636F6D2E676F6F676C652E616E64726F69642E676F6F676C65717569636B736561726368626F783B7061636B6167653A636F6D2E676F6F676C652E616E64726F69642E6773663B7061636B6167653A636F6D2E676F6F676C652E616E64726F69642E6773662E6C6F67696E3B7061636B6167653A636F6D2E676F6F676C652E616E64726F69642E6C6F636174696F6E3B7061636B6167653A636F6D2E676F6F676C652E616E64726F69642E6D757369633B7061636B6167653A636F6D2E676F6F676C652E616E64726F69642E6F6E6574696D65696E697469616C697A65723B7061636B6167653A636F6D2E676F6F676C652E616E64726F69642E706172746E657273657475703B7061636B6167653A636F6D2E676F6F676C652E616E64726F69642E736574757077697A6172643B7061636B6167653A636F6D2E676F6F676C652E616E64726F69642E7374726565743B7061636B6167653A636F6D2E676F6F676C652E616E64726F69642E73796E6361646170746572732E626F6F6B6D61726B733B7061636B6167653A636F6D2E676F6F676C652E616E64726F69642E73796E6361646170746572732E63616C656E6461723B7061636B6167653A636F6D2E676F6F676C652E616E64726F69642E73796E6361646170746572732E636F6E74616374733B7061636B6167653A636F6D2E676F6F676C652E616E64726F69642E74616C6B3B7061636B6167653A636F6D2E676F6F676C652E616E64726F69642E766F6963657365617263683B7061636B6167653A636F6D2E676F6F676C652E616E64726F69642E796F75747562653B7061636B6167653A636F6D2E6874632E4175746F4D6F746976653B7061636B6167653A636F6D2E6874632E4175746F4D6F746976652E547261666669633B7061636B6167653A636F6D2E6874632E437573746F6D697A6174696F6E53657475703B7061636B6167653A636F6D2E6874632E46696C655069636B65723B7061636B6167653A636F6D2E6874632E496E7465726E6574526164696F3B7061636B6167653A636F6D2E6874632E4D656469614175746F55706C6F616453657474696E673B7061636B6167653A636F6D2E6874632E4D656469614361636865536572766963653B7061636B6167653A636F6D2E6874632E576561746865723B7061636B6167653A636F6D2E6874632E5765617468657257616C6C70617065723B7061636B6167653A636F6D2E6874632E57696669526F757465723B7061636B6167653A636F6D2E6874632E6163636573736F72793B7061636B6167653A636F6D2E6874632E616C62756D3B7061636B6167653A636F6D2E6874632E616C62756D2E6D6170766965773B7061636B6167653A636F6D2E6874632E616E64726F69642E687463736574757077697A6172643B7061636B6167653A636F6D2E6874632E616E64726F69642E6C6F636174696F6E7069636B65723B7061636B6167653A636F6D2E6874632E616E64726F69642E6D61696C3B7061636B6167653A636F6D2E6874632E616E64726F69642E766F696365646963746174696F6E3B7061636B6167653A636F6D2E6874632E6175746F626F743B7061636B6167653A636F6D2E6874632E6175746F626F742E6361726770732E70726F76696465723B7061636B6167653A636F6D2E6874632E6261636B75703B7061636B6167653A636F6D2E6874632E6261636B757072657365743B7061636B6167653A636F6D2E6874632E63616C656E6461723B7061636B6167653A636F6D2E6874632E6369726D6F64756C653B7061636B6167653A636F6D2E6874632E636C6F756473746F726167652E64726F70626F783B7061636B6167653A636F6D2E6874632E63733B7061636B6167653A636F6D2E6874632E63732E646D3B7061636B6167653A636F6D2E6874632E646E617472616E736665723B7061636B6167653A636F6D2E6874632E646F636B6D6F64653B7061636B6167653A636F6D2E6874632E64726F70626F782E676C72706C7567696E3B7061636B6167653A636F6D2E6874632E656E67696E652E66616365626F6F6B3B7061636B6167653A636F6D2E6874632E656E67696E652E747769747465723B7061636B6167653A636F6D2E6874632E666C6173686C696768743B7061636B6167653A636F6D2E6874632E666C65786E65743B7061636B6167653A636F6D2E6874632E666D3B7061636B6167653A636F6D2E6874632E666D736572766963653B7061636B6167653A636F6D2E6874632E686F6D652E706572736F6E616C697A653B7061636B6167653A636F6D2E6874632E687463434F5441436C69656E743B7061636B6167653A636F6D2E6874632E6874634D65737361676555706C6F616465723B7061636B6167653A636F6D2E6874632E687463636F6D70726573737669657765723B7061636B6167653A636F6D2E6874632E687463637570643B7061636B6167653A636F6D2E6874632E687463646C6E616D6964646C656C617965723B7061636B6167653A636F6D2E6874632E687463646F636B73637265656E3B7061636B6167653A636F6D2E6874632E6874636C6F636174696F6E736572766963653B7061636B6167653A636F6D2E6874632E687463706F7765726D616E616765723B7061636B6167653A636F6D2E6874632E69646C6573637265656E2E4E6F6C6F636B73637265656E3B7061636B6167653A636F6D2E6874632E69646C6573637265656E2E626173653B7061636B6167653A636F6D2E6874632E69646C6573637265656E2E6D757369633B7061636B6167653A636F6D2E6874632E69646C6573637265656E2E73686F72746375743B7061636B6167653A636F6D2E6874632E6C6976657265746F7563683B7061636B6167653A636F6D2E6874632E6C6D773B7061636B6167653A636F6D2E6874632E6C6F636B73637265656E3B7061636B6167653A636F6D2E6874632E6D6C2E50686F746F4C6F636B53637265656E3B7061636B6167653A636F6D2E6874632E6D757369633B7061636B6167653A636F6D2E6874632E6D75736963656E68616E6365723B7061636B6167653A636F6D2E6874632E6D757369637669733B7061636B6167653A636F6D2E6874632E6D79736B6574636865723B7061636B6167653A636F6D2E6874632E6E6F7465733B7061636B6167653A636F6D2E6874632E7061696E7465723B7061636B6167653A636F6D2E6874632E70656E3B7061636B6167653A636F6D2E6874632E70686F746F656E68616E6365723B7061636B6167653A636F6D2E6874632E70726F6475637469766974796C6F636B73637265656E3B7061636B6167653A636F6D2E6874632E70726F76696465722E437573746F6D697A6174696F6E53657474696E67733B7061636B6167653A636F6D2E6874632E70726F76696465722E6E6F7465733B7061636B6167653A636F6D2E6874632E70726F76696465722E73657474696E67733B7061636B6167653A636F6D2E6874632E70726F7669646572732E73657474696E67733B7061636B6167653A636F6D2E6874632E70726F7669646572732E75706C6F6164733B7061636B6167653A636F6D2E6874632E72696E67746F6E657472696D6D65723B7061636B6167653A636F6D2E6874632E73646D3B7061636B6167653A636F6D2E6874632E73656C656374706C617965723B7061636B6167653A636F6D2E6874632E73656E73652E696D653B7061636B6167653A636F6D2E6874632E73656E73652E696D652E6C616E677061636B2E786368693B7061636B6167653A636F6D2E6874632E73656E73652E696D652E6C616E677061636B2E78656E673B7061636B6167653A636F6D2E6874632E73656E73652E696D652E6C616E677061636B2E787370613B7061636B6167653A636F6D2E6874632E73656E73652E736F6369616C6E6574776F726B2E696E7374616772616D3B7061636B6167653A636F6D2E6874632E736D61727464696D3B7061636B6167653A636F6D2E6874632E736F6369616C6E6574776F726B2E7265733B7061636B6167653A636F6D2E6874632E73796E636167656E743B7061636B6167653A636F6D2E6874632E7461736B3B7061636B6167653A636F6D2E6874632E7461736B2E677461736B3B7061636B6167653A636F6D2E6874632E7461736B6D616E616765723B7061636B6167653A636F6D2E6874632E7472696D736C6F773B7061636B6167653A636F6D2E6874632E75736167653B7061636B6167653A636F6D2E6874632E766964656F3B7061636B6167653A636F6D2E6874632E7A65726F65646974696E673B7061636B6167653A636F6D2E696E7374616772616D2E616E64726F69643B7061636B6167653A636F6D2E6A72756D6D792E726F6F742E62726F77736572667265653B7061636B6167653A636F6D2E6A736465762E696E73746173697A656C65676163793B7061636B6167653A636F6D2E6C6C617070732E6D6972726F7270686F746F3B7061636B6167653A636F6D2E6D306E6172582E617070696E7374616C6C65723B7061636B6167653A636F6D2E6D306E6172782E52756E41533B7061636B6167653A636F6D2E6D306E6172782E66696E676572736572766963653B7061636B6167653A636F6D2E6D306E6172782E6875623B7061636B6167653A636F6D2E6D306E6172782E736D616C6C6170703B7061636B6167653A636F6D2E6D306E6172782E736F756E64656E68616E6365723B7061636B6167653A636F6D2E6D306E6172782E73753B7061636B6167653A636F6D2E6D306E6172782E747765616B733B7061636B6167653A636F6D2E6D306E6172782E786C6F75643B7061636B6167653A636F6D2E6D65726361646F6C696272653B7061636B6167653A636F6D2E6D7262696D632E75646E2E6C6974653B7061636B6167653A636F6D2E6E65726F2E616E64726F69642E6874632E73796E633B7061636B6167653A636F6D2E6F75746C6F6F6B2E5A373B7061636B6167653A636F6D2E706963736172742E73747564696F3B7061636B6167653A636F6D2E706F70756C61726170702E706572696F6463616C656E6461723B7061636B6167653A636F6D2E7175616C636F6D6D2E70726976696E69743B7061636B6167653A636F6D2E72753432362E616E64726F69642E736D616C6C5F6170705F6D65646961706C617965723B7061636B6167653A636F6D2E72753432362E616E64726F69642E736D616C6C5F6170705F6D757369633B7061636B6167653A636F6D2E72753432362E616E64726F69642E736D616C6C5F6170705F776562766965773B7061636B6167653A636F6D2E736467746C2E77617463683B7061636B6167653A636F6D2E736B7970652E7261696465723B7061636B6167653A636F6D2E736D737574696C2E70683B7061636B6167653A636F6D2E736F6E792E736D616C6C6170702E6D616E61676572736572766963653B7061636B6167653A636F6D2E736F6E796D6F62696C652E736D616C6C617070732E63616C633B7061636B6167653A636F6D2E736F6E796D6F62696C652E736D616C6C617070732E6E6F7465733B7061636B6167653A636F6D2E736F6E796D6F62696C652E736D616C6C617070732E7265636F726465723B7061636B6167653A636F6D2E736F6E796D6F62696C652E736D616C6C617070732E74696D65723B7061636B6167653A636F6D2E746F74616C746578746F2E62616E63616D6F76696C3B7061636B6167653A636F6D2E747769747465722E616E64726F69643B7061636B6167653A636F6D2E76656E746963616B652E726574726963613B7061636B6167653A636F6D2E77686174736170703B7061636B6167653A6A702E6A7567676C65722E43726F7057616C6C70617065723B7061636B6167653A6E65742E736F75726365666F7267652E6F70656E63616D6572613B7061636B6167653A6F72672E6164617761793B7061636B6167653A6F72672E7567756573732E616E64726F69642E737973696E666F3B7061636B6167653A76656E6F6D2E7468656D652E707269736D2E56656E6F6D5F4E6176626172733B7061636B6167653A76656E6F6D2E7468656D652E707269736D2E56656E6F6D5F556E6465726C6179733B'),('SP-5110',' SP-5110',' SP-5110',' 4.4.2','Linux version 3.4.67 (JB5@AndroidServer) (gcc version 4.7 (GCC) ) #1 SMP PREEMPT Tue Jun 3 143802 CST 2014',' KAAI277_VZA_En_1.06.603',' es_VE',' 7,46 GB',' 543 MB',' 225 MB',' 8,01 MB',' 13,24 GB',' 9,72 GB',' 886 MB',' 53,32 MB',' 123 MB',' 119 MB',' 0,94 GB',' 123 MB',' 19,21 MB','#B380B3','123','123','12','123',7,X'31',X'7061636B6167653A636F6D2E616E64726F69642E646566636F6E7461696E65723B7061636B6167653A636F6D2E7072696D6174656C6162732E6765656B62656E63683B7061636B6167653A636F6D2E6D6564696174656B2E766F696365756E6C6F636B3B7061636B6167653A636F6D2E616E64726F69642E70686F6E653B7061636B6167653A636F6D2E627974656669736867616D65732E72696E6765643B7061636B6167653A636F6D2E676D2E64657370656761723B7061636B6167653A636F6D2E73706C6173687061646D6F62696C652E626174746572793B7061636B6167653A636F6D2E696E646965676F676F2E616E64726F69643B7061636B6167653A636F6D2E616E64726F69642E626C7565746F6F74683B7061636B6167653A636F6D2E616E64726F69642E70726F7669646572732E63616C656E6461723B7061636B6167653A6F72672E7567756573732E616E64726F69642E737973696E666F3B7061636B6167653A636F6D2E6D6564696174656B2E766F696365636F6D6D616E643B7061636B6167653A636F6D2E746D736F66742E636F6D70756C736976653B7061636B6167653A636F6D2E7363692E7769666963616D3B7061636B6167653A636F6D2E616E64726F69642E62726F777365723B7061636B6167653A636F6D2E6D67796170702E616E64726F69643B7061636B6167653A636F6D2E616E64726F69642E6D757369633B7061636B6167653A636F6D2E7169686F6F3336302E6C61756E636865723B7061636B6167653A636F6D2E616E64726F69642E70726F7669646572732E646F776E6C6F6164732E75693B7061636B6167653A636F6D2E616E64726F69642E6C61756E63686572333B7061636B6167653A636F6D2E616E64726F69642E646F63756D656E747375693B7061636B6167653A636F6D2E696E7374616772616D2E616E64726F69643B7061636B6167653A636F6D2E6D6564696174656B2E766964656F706C617965723B7061636B6167653A636F6D2E616E64726F69642E76706E6469616C6F67733B7061636B6167653A636F6D2E61636375776561746865722E616E64726F69643B7061636B6167653A636F6D2E616E64726F69642E6D6D733B7061636B6167653A636F6D2E616E64726F69642E70726F7669646572732E6D656469613B7061636B6167653A636F6D2E6F706572612E6272616E64696E673B7061636B6167653A636F6D2E6C756D6F736C6162732E6C756D6F736974793B7061636B6167653A636F6D2E6D6564696174656B2E626C7565746F6F74683B7061636B6167653A636F6D2E676F6F676C652E616E64726F69642E736574757077697A6172643B7061636B6167653A636F6D2E6D6564696174656B2E626174746572797761726E696E673B7061636B6167653A636F6D2E616E64726F69642E73657474696E67733B7061636B6167653A636F6D2E6D6F626973797374656D732E656469746F722E6F66666963655F6170705F6174746163683B7061636B6167653A636F6D2E6B696E672E63616E64796372757368736167613B7061636B6167653A636F6D2E6675747572656D61726B2E646D616E64726F69642E6170706C69636174696F6E3B7061636B6167653A636F6D2E676F6F676C652E616E64726F69642E7374726565743B7061636B6167653A636F6D2E676F6F676C652E616E64726F69642E617070732E67656E69652E67656E69657769646765743B7061636B6167653A636F6D2E6167696C65736F66747265736F757263653B7061636B6167653A636F6D2E6D6564696174656B2E746865726D616C6D616E616765723B7061636B6167653A636F6D2E6D6564696174656B2E63616C656E646172696D706F727465723B7061636B6167653A636F6D2E66616365626F6F6B2E6B6174616E613B7061636B6167653A636F6D2E676F6F676C652E616E64726F69642E676F6F676C65717569636B736561726368626F783B7061636B6167653A636F6D2E616E64726F69642E70726F7669646572732E64726D3B7061636B6167653A636F6D2E7370617274616E636F646572732E67746F6B3B7061636B6167653A636F6D2E616E64726F69642E6D757369637669733B7061636B6167653A636F6D2E616E64726F69642E65786368616E67653B7061636B6167653A636F6D2E676F6D626F736465762E646973706C61797465737465723B7061636B6167653A636F6D2E676F6F676C652E616E64726F69642E6261636B75707472616E73706F72743B7061636B6167653A636F6D2E616E64726F69642E70726F7669646572732E74656C6570686F6E793B7061636B6167653A636F6D2E6D6564696174656B2E43656C6C436F6E6E536572766963653B7061636B6167653A636F6D2E6D782E62726F777365723B7061636B6167653A636F6D2E676F6F676C652E616E64726F69642E617070732E6D6170733B7061636B6167653A636F6D2E616E64726F69642E6469616C65723B7061636B6167653A636F6D2E6461746176697A2E646F6373746F676F3B7061636B6167653A636F6D2E676F6F676C652E616E64726F69642E617070732E636C6F75647072696E743B7061636B6167653A636F6D2E6E6574676561722E57694669416E616C79746963733B7061636B6167653A636F6D2E65656D62632E636F72656D61726B3B7061636B6167653A636F6D2E616E747574752E4142656E63684D61726B3B7061636B6167653A636F6D2E7363692E676561723B7061636B6167653A636F6D2E616E64726F69642E70726F7669646572732E73657474696E67733B7061636B6167653A636F6D2E676F6F676C652E616E64726F69642E617070732E646F63733B7061636B6167653A636F6D2E616E64726F69642E70726F7669646572732E646F776E6C6F6164733B7061636B6167653A636F6D2E6B69646F7A3B7061636B6167653A636F6D2E6D6564696174656B2E464D526164696F3B7061636B6167653A636F6D2E7465616D7669657765722E7465616D7669657765722E6D61726B65742E6D6F62696C653B7061636B6167653A636F6D2E616E64726F69642E70686173656265616D3B7061636B6167653A636F6D2E6D6564696174656B2E746F646F733B7061636B6167653A6A702E636F2E7472616E736C696D69742E627261696E776172733B7061636B6167653A636F6D2E6D6564696174656B2E766C773B7061636B6167653A636F6D2E63707569642E6370755F7A3B7061636B6167653A636F6D2E6275616B2E4C696E6B3253443B7061636B6167653A636F6D2E676F6F676C652E616E64726F69642E6F6E6574696D65696E697469616C697A65723B7061636B6167653A636F6D2E74696D70696B3B7061636B6167653A636F6D2E61646F62652E7265616465723B7061636B6167653A636F6D2E6D6779756E2E7375706572757365723B7061636B6167653A636F6D2E616E64726F69642E696E707574646576696365733B7061636B6167653A636F6D2E53697261676F6E587472656D652E5367506C61793B7061636B6167653A737465726963736F6E2E62757379626F783B7061636B6167653A636F6D2E6173616E612E6170703B7061636B6167653A636F6D2E616E64726F69642E73746B3B7061636B6167653A636F6D2E6D65726361646F6C696272653B7061636B6167653A636F6D2E6D6564696174656B2E766964656F6661766F72697465733B7061636B6167653A636F6D2E676F6F676C652E616E64726F69642E636F6E666967757064617465723B7061636B6167653A6A702E636F2E7368696D616E6F2E616E64726F69642E73706F72747363616D3B7061636B6167653A636F6D2E7765706C6179646F74732E74776F646F7473616E64726F69643B7061636B6167653A636F6D2E676F6F676C652E616E64726F69642E6B6565703B7061636B6167653A636F6D2E6261747465727962656E63683B7061636B6167653A636F6D2E6D6564696174656B3B7061636B6167653A616E64726F69643B7061636B6167653A636F6D2E616E64726F69642E70726F7669646572732E636F6E74616374733B7061636B6167653A636F6D2E616E64726F69642E70726F746970733B7061636B6167653A636F6D2E676F6F676C652E616E64726F69642E617070732E75706C6F616465723B7061636B6167653A636F6D2E616E64726F69642E65787465726E616C73746F726167653B7061636B6167653A636F6D2E676F6F676C652E616E64726F69642E617070732E7472616E736C6174653B7061636B6167653A636F6D2E616E64726F69642E70726F7669646572732E6170706C69636174696F6E733B7061636B6167653A636F6D2E746F756368747970652E73776966746B65792E70686F6E652E747269616C3B7061636B6167653A636F6D2E676F6F676C652E616E64726F69642E617070732E706C75733B7061636B6167653A636F6D2E616E64726F69642E76656E64696E673B7061636B6167653A636F6D2E476F2E456E674D6F64654D746B53686F72746375743B7061636B6167653A76652E636F6D2E736F6465786F2E62656E65666963696172696F736D6F62696C653B7061636B6167653A636F6D2E616E64726F69642E73696D6D656C6F636B3B7061636B6167653A636F6D2E736B67616D65732E7472616666696372616365723B7061636B6167653A636F6D2E616E64726F69642E6B6579636861696E3B7061636B6167653A636F6D2E6465766963656D616E616765723B7061636B6167653A636F6D2E676F6F676C652E616E64726F69642E7461673B7061636B6167653A636F6D2E616E64726F69642E77616C6C70617065723B7061636B6167653A636F6D2E7269676874776172652E426173656D61726B4F5349493B7061636B6167653A636F6D2E676F6F676C652E616E64726F69642E617070732E6D6167617A696E65733B7061636B6167653A636F6D2E6D6564696174656B2E656E67696E6565726D6F64653B7061636B6167653A636F6D2E6D65646961667269656E64732E6368696D653B7061636B6167653A636F6D2E676F6F676C652E616E64726F69642E6773663B7061636B6167653A636F6D2E6D6564696174656B2E73797374656D7570646174652E7379736F7065723B7061636B6167653A636F6D2E616E64726F69642E6B657967756172643B7061636B6167653A636F6D2E6A686F616E3B7061636B6167653A636F6D2E676F6F676C652E616E64726F69642E617070732E696E626F783B7061636B6167653A636F6D2E616E64726F69642E7368656C6C3B7061636B6167653A636F6D2E6D6564696174656B2E61707067756964652E706C7567696E3B7061636B6167653A64652E6F6E7978626974732E72656D6F74656B6579626F6172643B7061636B6167653A636F6D2E6D6564696174656B2E53746B53656C656374696F6E3B7061636B6167653A636F6D2E676F6F676C652E616E64726F69642E73796E6361646170746572732E636F6E74616374733B7061636B6167653A636F6D2E6D6564696174656B2E73656375726974793B7061636B6167653A64652E726F62762E616E64726F69642E78706F7365642E696E7374616C6C65723B7061636B6167653A636F6D2E616E64726F69642E70726F7669646572732E706172746E6572626F6F6B6D61726B733B7061636B6167653A636F6D2E616E64726F69642E636F6E74616374733B7061636B6167653A636F6D2E6D6564696174656B2E6C62732E656D3B7061636B6167653A636F6D2E72737570706F72742E6D766167656E743B7061636B6167653A636F6D2E7269676874776172652E426173656D61726B585F467265653B7061636B6167653A636F6D2E616E64726F69642E63616C63756C61746F72323B7061636B6167653A636F6D2E616E64726F69642E68746D6C7669657765723B7061636B6167653A636F6D2E7468656D6F6E7374657269742E456E67696E656572537461727465723B7061636B6167653A636F6D2E676C62656E63686D61726B2E676C62656E63686D61726B32373B7061636B6167653A636F6D2E73796E6572677967622E6D657263616E74696C2E62616E636F2E62616E63616D6F76696C3B7061636B6167653A636F6D2E676F6F676C652E616E64726F69642E6773662E6C6F67696E3B7061636B6167653A636F6D2E6D6F68616D6D616461672E636F6C6F757265647374617475736261723B7061636B6167653A636F6D2E6D6564696174656B2E6D746B6C6F676765723B7061636B6167653A6F72672E74656C656772616D2E6D657373656E6765723B7061636B6167653A636F6D2E616E64726F69642E6F6E6574696D65696E697469616C697A65723B7061636B6167653A636F6D2E6269616E6F722E616D733B7061636B6167653A636F6D2E616E64726F69642E73686172656473746F726167656261636B75703B7061636B6167653A636F6D2E6D6564696174656B2E66696C656D616E616765723B7061636B6167653A636F6D2E7375726D696E2E7371756172653B7061636B6167653A6F72672E756C722E77696E6D61696C3B7061636B6167653A636F6D2E676F6F676C652E616E64726F69642E6D617276696E2E74616C6B6261636B3B7061636B6167653A636F6D2E63616D706D6F62696C652E6C61756E636865723B7061636B6167653A636F6D2E616E64726F69642E63657274696E7374616C6C65723B7061636B6167653A636F6D2E7768617473636C6F75643B7061636B6167653A636F6D2E6D6564696174656B2E636F6E6E65637469766974793B7061636B6167653A636F6D2E676F6F676C652E616E64726F69642E676D733B7061636B6167653A6E65742E736F75726365666F7267652E6F70656E63616D6572613B7061636B6167653A636F6D2E6E7261626F792E73716C746F6F6C3B7061636B6167653A636F6D2E6A72756D6D792E726F6F742E62726F77736572667265653B7061636B6167653A636F6D2E616E64726F69642E67616C6C65727933643B7061636B6167653A636F6D2E72737570706F72742E72737065726D2E656E672E613174683B7061636B6167653A636F6D2E676F6F676C652E616E64726F69642E6D757369633B7061636B6167653A636F6D2E6D6564696174656B2E4461746155736167654C6F636B53637265656E436C69656E743B7061636B6167653A636F6D2E616E64726F69642E77616C6C70617065722E6C6976657069636B65723B7061636B6167653A636F6D2E676F6F676C652E616E64726F69642E696E7075746D6574686F642E6C6174696E3B7061636B6167653A636F6D2E616E64726F69642E7061636B616765696E7374616C6C65723B7061636B6167653A636F6D2E676F6F676C652E616E64726F69642E7474733B7061636B6167653A636F6D2E6D6564696174656B2E7363687077726F6E6F66663B7061636B6167653A636F6D2E627573797777772E63616D65726172656D6F74653B7061636B6167653A636F6D2E616E64726F69642E6E6F6973656669656C643B7061636B6167653A636F6D2E616E64726F69642E656D61696C3B7061636B6167653A636F6D2E616E64726F69642E6C6F636174696F6E2E66757365643B7061636B6167653A636F6D2E616E64726F69642E6261636B7570636F6E6669726D3B7061636B6167653A636F6D2E616E64726F69642E6D61676963736D6F6B653B7061636B6167653A636F6D2E766572746963616C617070732E72657461696C766132303B7061636B6167653A636F6D2E666C79696E676F74746572736F6674776172652E6D6567613B7061636B6167653A636F6D2E6769746875622E6D6F62696C653B7061636B6167653A636F6D2E71756963696E632E76656C6C616D6F3B7061636B6167653A636F6D2E676F6F676C652E616E64726F69642E766964656F656469746F723B7061636B6167653A636F6D2E68756E677279626F6C6F2E72656D6F74656D6F757365616E64726F69643B7061636B6167653A636F6D2E616E64726F69642E6D7573696366783B7061636B6167653A636F6D2E676F6F676C652E616E64726F69642E617070732E626F6F6B733B7061636B6167653A636F6D2E616E64726F69642E736F756E647265636F726465723B7061636B6167653A636F6D2E676F6F676C652E616E64726F69642E706172746E657273657475703B7061636B6167653A636F6D2E616E64726F69642E70726F787968616E646C65723B7061636B6167653A636F6D2E6170706174746163682E737567676573746564617070733B7061636B6167653A636F6D2E616E64726F69642E77616C6C70617065722E686F6C6F73706972616C3B7061636B6167653A636F6D2E676F6F676C652E616E64726F69642E666565646261636B3B7061636B6167653A636F6D2E676F6F676C652E616E64726F69642E74616C6B3B7061636B6167653A636F6D2E77686174736170703B7061636B6167653A636F6D2E77696C6474616E67656E742E616E64726F69643B7061636B6167653A636F6D2E616E64726F69642E70726F7669646572732E7573657264696374696F6E6172793B7061636B6167653A636F6D2E7375706572636C65616E65723B7061636B6167653A636F6D2E6D6564696174656B2E617073742E7461726765743B7061636B6167653A636F6D2E747769747465722E616E64726F69643B7061636B6167653A636F6D2E6D6564696174656B2E73797374656D7570646174653B7061636B6167653A636F6D2E7375727061782E6C6564666C6173686C696768742E70616E656C3B7061636B6167653A636F6D2E616E64726F69642E70616370726F636573736F723B7061636B6167653A636F6D2E736B7970652E7261696465723B7061636B6167653A636F6D2E73686F6F7A686F6F2E696D616765726573697A65723B7061636B6167653A636F6D2E616E64726F69642E67616C617879343B7061636B6167653A636F6D2E616E64726F69642E7072696E7473706F6F6C65723B7061636B6167653A63632E6D61646B6974652E66726565646F6D3B7061636B6167653A636F6D2E6D6F76696C652E706C61796B6964733B7061636B6167653A636F6D2E616E64726F69642E647265616D732E62617369633B7061636B6167653A636F6D2E676F6F676C652E616E64726F69642E706C61792E67616D65733B7061636B6167653A636F6D2E616E64726F69642E73797374656D75693B7061636B6167653A636F6D2E7370656564736F6674776172652E73716C656469746F723B7061636B6167653A636F6D2E676F6F676C652E616E64726F69642E676D3B7061636B6167653A636F6D2E6F706572612E6D696E692E616E64726F69643B7061636B6167653A636F6D2E676F6F676C652E616E64726F69642E73796E6361646170746572732E626F6F6B6D61726B733B7061636B6167653A636F6D2E676F6F676C652E616E64726F69642E796F75747562653B7061636B6167653A636F6D2E616E64726F69642E6465736B636C6F636B3B7061636B6167653A636F6D2E676F6F676C652E616E64726F69642E63616C656E6461723B7061636B6167653A636F6D2E616E64726F69642E666163656C6F636B3B7061636B6167653A636F6D2E616E64726F69642E6368726F6D653B7061636B6167653A636F6D2E6D6564696174656B2E796770733B7061636B6167653A636F6D2E796F646F312E63726F737379726F61643B');

#
# Structure for table "device_app"
#

CREATE TABLE `device_app` (
  `id_dev` varchar(30) NOT NULL DEFAULT '0',
  `id_app` int(11) NOT NULL DEFAULT '0',
  KEY `id_app` (`id_app`),
  KEY `id_dev_app` (`id_dev`),
  CONSTRAINT `id_app` FOREIGN KEY (`id_app`) REFERENCES `app` (`id_app`),
  CONSTRAINT `id_dev_app` FOREIGN KEY (`id_dev`) REFERENCES `device` (`id_device`)
) ENGINE=InnoDB DEFAULT CHARSET=latin1;

#
# Data for table "device_app"
#


#
# Structure for table "device_battery"
#

CREATE TABLE `device_battery` (
  `id_dev_b` varchar(30) NOT NULL DEFAULT '0',
  `type_bat` int(11) NOT NULL DEFAULT '0',
  `capacity` varchar(20) DEFAULT '',
  KEY `id_dev_bat` (`id_dev_b`),
  KEY `id_bat_dev` (`type_bat`),
  CONSTRAINT `id_bat_dev` FOREIGN KEY (`type_bat`) REFERENCES `battery` (`id_bat`),
  CONSTRAINT `id_dev_bat` FOREIGN KEY (`id_dev_b`) REFERENCES `device` (`id_device`)
) ENGINE=InnoDB DEFAULT CHARSET=latin1;

#
# Data for table "device_battery"
#

INSERT INTO `device_battery` VALUES ('SP-5110',1,'1223'),('FA28MW400886',1,'2000');

#
# Structure for table "device_cam"
#

CREATE TABLE `device_cam` (
  `id_dev_cam` varchar(30) NOT NULL DEFAULT '',
  `type_cam` varchar(10) NOT NULL DEFAULT '',
  `mp_cam` varchar(255) NOT NULL DEFAULT '',
  `flash_cam` binary(1) NOT NULL DEFAULT '\0',
  `supp_img_cam` varchar(400) NOT NULL DEFAULT '',
  `supp_vid_cam` varchar(400) NOT NULL DEFAULT '',
  `dis_focus` varchar(255) DEFAULT NULL,
  `focus_enabled` varchar(30) DEFAULT NULL,
  `focus_area` varchar(10) DEFAULT NULL,
  `whitebalance` varchar(255) DEFAULT NULL,
  `scene_mode` varchar(255) DEFAULT NULL,
  `sta_vid` binary(1) NOT NULL DEFAULT '\0',
  `q_jpeg` varchar(30) DEFAULT NULL,
  `q_thum` varchar(30) DEFAULT NULL,
  KEY `id_dev_cam` (`id_dev_cam`),
  CONSTRAINT `id_dev_cam` FOREIGN KEY (`id_dev_cam`) REFERENCES `device` (`id_device`)
) ENGINE=InnoDB DEFAULT CHARSET=latin1;

#
# Data for table "device_cam"
#

INSERT INTO `device_cam` VALUES ('SP-5110','primary',' 12.675 Megapixels',X'31','240x320;480x640;768x1024;720x1280;768x1280;960x1280;1200x1600;1536x2048;1440x2560;1920x2560;2448x3264;1872x3328;1728x2880;2160x3600;3072x4096;3120x4160;12.675Megapixels;','144x176;320x480;480x640;480x864;720x1280;1080x1920;','auto;macro;infinity;continuous-picture;continuous-video;manual;fullscan;',' auto',' 1','auto,incandescent,fluorescent,warm-fluorescent,daylight,cloudy-daylight,twilight,shade','auto,portrait,landscape,night,night-portrait,theatre,beach,snow,sunset,steadyphoto,fireworks,sports,party,candlelight,hdr',X'30',' 100',' 100'),('SP-5110','secundary',' 4.86 Megapixels',X'30','240x320;480x640;768x1024;720x1280;768x1280;960x1280;1200x1600;1536x2048;1440x2560;1920x2560;1728x2880;4.86Megapixels;','144x176;320x480;480x640;480x864;720x1280;1080x1920;','N/A','N/A','N/A','N/A','N/A',X'30','N/A','N/A'),('FA28MW400886','primary',' 7.803 Megapixels',X'31','2448x3264;1840x3264;1680x2992;1952x2592;1552x2592;1944x2592;1456x2592;1520x2688;1536x2048;1520x2048;1216x2048;1152x2048;1088x1920;1200x1600;896x1600;1088x1456;16880x1456;17828x1456;181088x1440;19960x1280;20768x1280;21720x1280;22768x1024;23600x800;24480x800;25480x640;26384x640;27368x640;28288x352;29240x320;30144x176;7.803Megapixels;','1088x1920;720x1280;544x960;480x800;432x768;480x720;480x640;320x480;288x352;240x320;144x176;','auto;infinity;normal;macro;continuous-picture;continuous-video;',' auto',' 1','auto,incandescent,fluorescent,daylight,cloudy-daylight','off,auto,action,portrait,landscape,night,night-portrait,theatre,beach,snow,sunset,steadyphoto,fireworks,sports,party,candlelight,backlight,flowers,AR,text',X'30',' 85',' 90'),('FA28MW400886','secundary',' 0.3 Megapixels',X'30','480x640;384x640;368x640;288x352;240x320;144x176;0.3Megapixels;','480x640;320x480;288x352;240x320;144x176;','N/A','N/A','N/A','N/A','N/A',X'30','N/A','N/A');

#
# Structure for table "device_cpu"
#

CREATE TABLE `device_cpu` (
  `id_dev_cpu` varchar(30) NOT NULL DEFAULT '',
  `id_cpu_c` int(11) NOT NULL DEFAULT '0',
  KEY `id_dev_cpu` (`id_dev_cpu`),
  KEY `id_cpu_c` (`id_cpu_c`),
  CONSTRAINT `id_cpu_c` FOREIGN KEY (`id_cpu_c`) REFERENCES `cpu` (`id_cpu`),
  CONSTRAINT `id_dev_cpu` FOREIGN KEY (`id_dev_cpu`) REFERENCES `device` (`id_device`)
) ENGINE=InnoDB DEFAULT CHARSET=latin1;

#
# Data for table "device_cpu"
#

INSERT INTO `device_cpu` VALUES ('SP-5110',2);

#
# Structure for table "display_tactil"
#

CREATE TABLE `display_tactil` (
  `id_tactil` int(11) NOT NULL AUTO_INCREMENT,
  `name_tactil` varchar(255) NOT NULL DEFAULT '',
  PRIMARY KEY (`id_tactil`)
) ENGINE=InnoDB AUTO_INCREMENT=3 DEFAULT CHARSET=latin1;

#
# Data for table "display_tactil"
#

INSERT INTO `display_tactil` VALUES (1,'capacitivo'),(2,'resistivo');

#
# Structure for table "display_type"
#

CREATE TABLE `display_type` (
  `id_type_dis` int(11) NOT NULL AUTO_INCREMENT,
  `name_dis` varchar(255) NOT NULL DEFAULT '',
  PRIMARY KEY (`id_type_dis`)
) ENGINE=InnoDB AUTO_INCREMENT=8 DEFAULT CHARSET=latin1;

#
# Data for table "display_type"
#

INSERT INTO `display_type` VALUES (1,'LCD'),(2,'AMOLED'),(3,'TFT'),(4,'IPS'),(5,'S-LCD'),(6,'Super AMOLED'),(7,'TRI LUMINOUS');

#
# Structure for table "display"
#

CREATE TABLE `display` (
  `i_dev` varchar(30) NOT NULL DEFAULT '0',
  `id_dis` int(11) NOT NULL DEFAULT '0',
  `x_dis` int(11) NOT NULL DEFAULT '0',
  `y_dis` int(11) NOT NULL DEFAULT '0',
  `type_tac` int(11) NOT NULL DEFAULT '0',
  `size_dis` varchar(20) NOT NULL DEFAULT '',
  `r_rate` varchar(30) NOT NULL DEFAULT '',
  `dpi_dis` varchar(10) NOT NULL DEFAULT '',
  `contrast` varchar(20) NOT NULL DEFAULT '0',
  PRIMARY KEY (`id_dis`),
  KEY `type_tac` (`type_tac`),
  KEY `i_dev` (`i_dev`),
  CONSTRAINT `i_dev` FOREIGN KEY (`i_dev`) REFERENCES `device` (`id_device`),
  CONSTRAINT `i_dis` FOREIGN KEY (`id_dis`) REFERENCES `display_type` (`id_type_dis`),
  CONSTRAINT `type_tac` FOREIGN KEY (`type_tac`) REFERENCES `display_tactil` (`id_tactil`)
) ENGINE=InnoDB DEFAULT CHARSET=latin1;

#
# Data for table "display"
#

INSERT INTO `display` VALUES ('SP-5110',1,720,1280,1,' 4.59\"',' 59.370003\"',' 320 dpi','12345'),('FA28MW400886',6,540,960,1,' 3.93\"',' 60.0\"',' 240 dpi','1234');

#
# Structure for table "format"
#

CREATE TABLE `format` (
  `id_for` int(11) NOT NULL AUTO_INCREMENT,
  `type_for` varchar(20) NOT NULL DEFAULT '',
  `desc_for` varchar(20) NOT NULL DEFAULT '',
  PRIMARY KEY (`id_for`)
) ENGINE=InnoDB DEFAULT CHARSET=latin1;

#
# Data for table "format"
#


#
# Structure for table "device_format"
#

CREATE TABLE `device_format` (
  `id_dev` varchar(30) NOT NULL DEFAULT '0',
  `id_for` int(11) NOT NULL DEFAULT '0',
  KEY `id_for_for` (`id_for`),
  KEY `id_dev_for` (`id_dev`),
  CONSTRAINT `id_dev_for` FOREIGN KEY (`id_dev`) REFERENCES `device` (`id_device`),
  CONSTRAINT `id_for_for` FOREIGN KEY (`id_for`) REFERENCES `format` (`id_for`)
) ENGINE=InnoDB DEFAULT CHARSET=latin1;

#
# Data for table "device_format"
#


#
# Structure for table "image"
#

CREATE TABLE `image` (
  `id_image` int(11) NOT NULL DEFAULT '0',
  `id_dev` varchar(30) DEFAULT '0',
  `type_img` varchar(20) NOT NULL DEFAULT '',
  `date_img` date NOT NULL DEFAULT '0000-00-00',
  `file_img` varchar(400) NOT NULL DEFAULT '',
  PRIMARY KEY (`id_image`),
  KEY `id_dev_i` (`id_dev`),
  CONSTRAINT `id_dev_i` FOREIGN KEY (`id_dev`) REFERENCES `device` (`id_device`)
) ENGINE=InnoDB DEFAULT CHARSET=latin1;

#
# Data for table "image"
#

INSERT INTO `image` VALUES (1,'SP-5110','test','2015-01-22','file:C:/application/img/test/SP-5110/843290537.png'),(2,'SP-5110','test','2015-01-22','file:C:/application/img/test/SP-5110/399807905.png'),(3,'SP-5110','test','2015-01-22','file:C:/application/img/test/SP-5110/979379131.png'),(4,'SP-5110','test','2015-01-22','file:C:/application/img/test/SP-5110/928310915.png'),(5,'SP-5110','test','2015-01-22','file:C:/application/img/test/SP-5110/567653886.png'),(6,'SP-5110','test','2015-01-22','file:C:/application/img/test/SP-5110/929017900.png'),(7,'SP-5110','test','2015-01-22','file:C:/application/img/test/SP-5110/929017900.png'),(8,'FA28MW400886','test','2015-01-22','file:C:/application/img/test/FA28MW400886/271942303.png'),(9,'FA28MW400886','test','2015-01-22','file:C:/application/img/test/FA28MW400886/390877772.png'),(10,'FA28MW400886','test','2015-01-22','file:C:/application/img/test/FA28MW400886/199988055.png'),(11,'FA28MW400886','test','2015-01-22','file:C:/application/img/test/FA28MW400886/301044688.png'),(12,'FA28MW400886','test','2015-01-22','file:C:/application/img/test/FA28MW400886/977331332.png'),(13,'FA28MW400886','test','2015-01-22','file:C:/application/img/test/FA28MW400886/993269546.png'),(14,'FA28MW400886','test','2015-01-22','file:C:/application/img/test/FA28MW400886/466196832.png');

#
# Structure for table "device_failure"
#

CREATE TABLE `device_failure` (
  `id_fail` int(11) NOT NULL DEFAULT '0',
  `id_dev` varchar(30) NOT NULL DEFAULT '',
  `name_fail` varchar(255) NOT NULL DEFAULT '',
  `desc_fail` varchar(255) DEFAULT NULL,
  `id_img_fail` int(11) DEFAULT '0',
  `date_fail_dev` date NOT NULL DEFAULT '0000-00-00',
  `id_user` int(11) NOT NULL DEFAULT '0',
  PRIMARY KEY (`id_fail`),
  KEY `id_img_fail` (`id_img_fail`),
  CONSTRAINT `id_img_fail` FOREIGN KEY (`id_img_fail`) REFERENCES `image` (`id_image`)
) ENGINE=InnoDB DEFAULT CHARSET=latin1;

#
# Data for table "device_failure"
#


#
# Structure for table "material"
#

CREATE TABLE `material` (
  `id_mat` int(11) NOT NULL AUTO_INCREMENT,
  `name_mat` varchar(30) NOT NULL DEFAULT '',
  PRIMARY KEY (`id_mat`)
) ENGINE=InnoDB AUTO_INCREMENT=4 DEFAULT CHARSET=latin1;

#
# Data for table "material"
#

INSERT INTO `material` VALUES (1,'aluminio y plastico'),(2,'aluminio'),(3,'plastico');

#
# Structure for table "device_mat"
#

CREATE TABLE `device_mat` (
  `id_dev_mat` varchar(30) NOT NULL DEFAULT '0',
  `id_mate` int(11) NOT NULL DEFAULT '0',
  KEY `id_mate` (`id_mate`),
  KEY `id_dev_mat` (`id_dev_mat`),
  CONSTRAINT `id_dev_mat` FOREIGN KEY (`id_dev_mat`) REFERENCES `device` (`id_device`),
  CONSTRAINT `id_mate` FOREIGN KEY (`id_mate`) REFERENCES `material` (`id_mat`)
) ENGINE=InnoDB DEFAULT CHARSET=latin1;

#
# Data for table "device_mat"
#

INSERT INTO `device_mat` VALUES ('SP-5110',1),('SP-5110',2),('FA28MW400886',3);

#
# Structure for table "network"
#

CREATE TABLE `network` (
  `id_net` int(11) NOT NULL AUTO_INCREMENT,
  `type_net` varchar(30) NOT NULL DEFAULT '',
  `val_net` varchar(255) NOT NULL DEFAULT '',
  PRIMARY KEY (`id_net`)
) ENGINE=InnoDB AUTO_INCREMENT=11 DEFAULT CHARSET=latin1;

#
# Data for table "network"
#

INSERT INTO `network` VALUES (1,'mobile','900 MHz'),(2,'mobile','850 MHz'),(3,'mobile','1900 Mhz'),(4,'mobile','1800 MHz'),(5,'wifi','802.11'),(6,'wifi','802.11A'),(7,'wifi','802.11b'),(8,'wifi','802.11N'),(9,'wifi','802.11g'),(10,'wifi','802.11CA');

#
# Structure for table "device_network"
#

CREATE TABLE `device_network` (
  `id_dev` varchar(30) NOT NULL DEFAULT '0',
  `net_dev` int(11) NOT NULL DEFAULT '0',
  KEY `id_net_net` (`net_dev`),
  KEY `id_dev_net` (`id_dev`),
  CONSTRAINT `id_dev_net` FOREIGN KEY (`id_dev`) REFERENCES `device` (`id_device`),
  CONSTRAINT `id_net_net` FOREIGN KEY (`net_dev`) REFERENCES `network` (`id_net`)
) ENGINE=InnoDB DEFAULT CHARSET=latin1;

#
# Data for table "device_network"
#

INSERT INTO `device_network` VALUES ('SP-5110',1),('SP-5110',2),('SP-5110',3),('SP-5110',5),('SP-5110',6),('SP-5110',7),('FA28MW400886',2),('FA28MW400886',6);

#
# Structure for table "other_support"
#

CREATE TABLE `other_support` (
  `id_sup` int(11) NOT NULL AUTO_INCREMENT,
  `name_sup` varchar(20) NOT NULL DEFAULT '',
  `desc_sup` varchar(20) NOT NULL DEFAULT '',
  `type` varchar(255) NOT NULL DEFAULT '',
  PRIMARY KEY (`id_sup`)
) ENGINE=InnoDB AUTO_INCREMENT=11 DEFAULT CHARSET=latin1;

#
# Data for table "other_support"
#

INSERT INTO `other_support` VALUES (1,'Acelerómetro','','sensor'),(2,'Giroscopio','','sensor'),(3,'Magnetómetro','','sensor'),(4,'Sensor de proximidad','','sensor'),(5,'Sensor de luz','','sensor'),(6,'Barómetro','','sensor'),(7,'Sensor de ritmo card','','sensor'),(8,'Termómetro y sensor ','','sensor'),(9,'Podómetro','','sensor'),(10,'Detector de huellas','','sensor');

#
# Structure for table "device_support"
#

CREATE TABLE `device_support` (
  `id_dev` varchar(30) NOT NULL DEFAULT '0',
  `id_sup` int(11) NOT NULL DEFAULT '0',
  KEY `id_sup_sup` (`id_sup`),
  KEY `id_dev_sup` (`id_dev`),
  CONSTRAINT `id_dev_sup` FOREIGN KEY (`id_dev`) REFERENCES `device` (`id_device`),
  CONSTRAINT `id_sup_sup` FOREIGN KEY (`id_sup`) REFERENCES `other_support` (`id_sup`)
) ENGINE=InnoDB DEFAULT CHARSET=latin1;

#
# Data for table "device_support"
#

INSERT INTO `device_support` VALUES ('SP-5110',8),('FA28MW400886',2);

#
# Structure for table "params"
#

CREATE TABLE `params` (
  `idparams` int(11) NOT NULL DEFAULT '0',
  `nparams` varchar(30) NOT NULL DEFAULT '',
  `nvalues` varchar(400) NOT NULL DEFAULT '',
  PRIMARY KEY (`idparams`)
) ENGINE=InnoDB DEFAULT CHARSET=latin1;

#
# Data for table "params"
#

INSERT INTO `params` VALUES (2,'memoria RAM','512MB;1GB;2GB;3GB'),(3,'tamaño','3.5;4.3;4.7;5.0;5.5'),(4,'cores','1;2;4;6;8'),(6,'general','general');

#
# Structure for table "preferences"
#

CREATE TABLE `preferences` (
  `id_preference` int(11) NOT NULL AUTO_INCREMENT,
  `n_pref` varchar(255) NOT NULL DEFAULT '',
  PRIMARY KEY (`id_preference`)
) ENGINE=InnoDB AUTO_INCREMENT=2 DEFAULT CHARSET=latin1;

#
# Data for table "preferences"
#

INSERT INTO `preferences` VALUES (1,'info_initial');

#
# Structure for table "provider"
#

CREATE TABLE `provider` (
  `id_provider` int(11) NOT NULL AUTO_INCREMENT,
  `name_provider` varchar(255) NOT NULL DEFAULT '',
  `contacts_provider` varchar(255) NOT NULL DEFAULT '',
  `detail_provider` varchar(255) DEFAULT '',
  PRIMARY KEY (`id_provider`)
) ENGINE=InnoDB AUTO_INCREMENT=2 DEFAULT CHARSET=latin1;

#
# Data for table "provider"
#

INSERT INTO `provider` VALUES (1,'konka','','');

#
# Structure for table "device_provider"
#

CREATE TABLE `device_provider` (
  `id_dev_prov` varchar(30) NOT NULL DEFAULT '',
  `id_prov` int(11) NOT NULL DEFAULT '0',
  KEY `id_dev_prov` (`id_dev_prov`),
  KEY `id_prov` (`id_prov`),
  CONSTRAINT `id_dev_prov` FOREIGN KEY (`id_dev_prov`) REFERENCES `device` (`id_device`),
  CONSTRAINT `id_prov` FOREIGN KEY (`id_prov`) REFERENCES `provider` (`id_provider`)
) ENGINE=InnoDB DEFAULT CHARSET=latin1;

#
# Data for table "device_provider"
#


#
# Structure for table "report"
#

CREATE TABLE `report` (
  `id_rep` int(11) NOT NULL AUTO_INCREMENT,
  `name_rep` varchar(30) NOT NULL DEFAULT '',
  `desc_rep` varchar(255) NOT NULL DEFAULT '',
  `file_rep` varchar(255) NOT NULL DEFAULT '',
  `type_rep` varchar(20) NOT NULL DEFAULT '',
  `date_rep` date NOT NULL DEFAULT '0000-00-00',
  PRIMARY KEY (`id_rep`)
) ENGINE=InnoDB DEFAULT CHARSET=latin1;

#
# Data for table "report"
#


#
# Structure for table "record"
#

CREATE TABLE `record` (
  `id_record` int(11) NOT NULL AUTO_INCREMENT,
  `id_rep` int(11) DEFAULT '0',
  `id_user` int(11) NOT NULL DEFAULT '0',
  `comm_rec` varchar(255) NOT NULL DEFAULT '',
  `date_rec` date NOT NULL DEFAULT '0000-00-00',
  `id_app` int(11) NOT NULL DEFAULT '0',
  `id_img` int(11) DEFAULT NULL,
  PRIMARY KEY (`id_record`),
  KEY `id_rec_rep` (`id_rep`),
  KEY `id_rec_app` (`id_app`),
  KEY `id_rec_img` (`id_img`),
  CONSTRAINT `id_rec_app` FOREIGN KEY (`id_app`) REFERENCES `app` (`id_app`),
  CONSTRAINT `id_rec_img` FOREIGN KEY (`id_img`) REFERENCES `image` (`id_image`),
  CONSTRAINT `id_rec_rep` FOREIGN KEY (`id_rep`) REFERENCES `report` (`id_rep`)
) ENGINE=InnoDB DEFAULT CHARSET=latin1;

#
# Data for table "record"
#


#
# Structure for table "device_report"
#

CREATE TABLE `device_report` (
  `id_dev` varchar(30) NOT NULL DEFAULT '0',
  `id_rep` int(11) NOT NULL DEFAULT '0',
  KEY `id_rep_rep` (`id_rep`),
  KEY `id_dev_rep` (`id_dev`),
  CONSTRAINT `id_dev_rep` FOREIGN KEY (`id_dev`) REFERENCES `device` (`id_device`),
  CONSTRAINT `id_rep_rep` FOREIGN KEY (`id_rep`) REFERENCES `report` (`id_rep`)
) ENGINE=InnoDB DEFAULT CHARSET=latin1;

#
# Data for table "device_report"
#


#
# Structure for table "test"
#

CREATE TABLE `test` (
  `id_test` int(11) NOT NULL AUTO_INCREMENT,
  `name_test` varchar(255) NOT NULL DEFAULT '',
  `des_test` varchar(255) DEFAULT NULL,
  PRIMARY KEY (`id_test`)
) ENGINE=InnoDB AUTO_INCREMENT=18 DEFAULT CHARSET=latin1;

#
# Data for table "test"
#

INSERT INTO `test` VALUES (1,'antutu','prueba todos los aspectos de un dispositivo, incluyendo UX, GPU, RAM, CPU, I / O'),(2,'battery benchmark','test de bateria  simula un uso pseudo-realista de su teléfono: GPS, WiFi, Bluetooth, CPU, pantalla, envía y recibe datos a través de la red'),(3,'AndEBench','método estandarizado, aceptada por la industria de la evaluación de rendimiento de la plataforma Android'),(4,'3DMark','prueba de OpenGL ES 2.0, prueba el rendimiento y la vida de la batería'),(6,'Geekbench',' pruebas diseñadas para simular escenarios del mundo real'),(7,'Vellamo','pruebas con el navegador web, multi-core y distintos componentes del dispositivo'),(10,'Basemark X','referencia de rendimiento para juegos profesionales'),(11,'Basemark OS II','ofrece puntuaciones generales en cinco áreas diferentes, incluyendo el sistema,\r\nmemoria, gráficos, navegación web y la cámara.'),(12,'Display Tester','poner a prueba los aspectos de la pantalla'),(13,'twitter','aplicación de red social'),(14,'instagram','aplicación de red social'),(15,'facebook','aplicación de red social'),(16,'whatsapp','aplicación de mensajeria'),(17,'skype','aplicación de mesajeria');

#
# Structure for table "device_test"
#

CREATE TABLE `device_test` (
  `id_test_test` int(11) NOT NULL DEFAULT '0',
  `id_dev_test` varchar(30) NOT NULL DEFAULT '',
  `id_img_test` int(11) NOT NULL DEFAULT '0',
  `compatibility` varchar(255) NOT NULL DEFAULT '',
  `result_test1` int(11) DEFAULT '0',
  `result_test2` int(11) DEFAULT '0',
  `result_test3` int(11) DEFAULT '0',
  `result_test4` int(11) DEFAULT '0',
  `result_test5` int(11) DEFAULT '0',
  KEY `id_test_test` (`id_test_test`),
  KEY `id_dev_test` (`id_dev_test`),
  KEY `id_img_test` (`id_img_test`),
  CONSTRAINT `id_dev_test` FOREIGN KEY (`id_dev_test`) REFERENCES `device` (`id_device`),
  CONSTRAINT `id_img_test` FOREIGN KEY (`id_img_test`) REFERENCES `image` (`id_image`),
  CONSTRAINT `id_test_test` FOREIGN KEY (`id_test_test`) REFERENCES `test` (`id_test`)
) ENGINE=InnoDB DEFAULT CHARSET=latin1;

#
# Data for table "device_test"
#

INSERT INTO `device_test` VALUES (1,'SP-5110',1,'N/A',1243,0,0,0,0),(3,'SP-5110',2,'N/A',2356,235,0,0,0),(4,'SP-5110',3,'N/A',2135,0,0,0,0),(6,'SP-5110',4,'N/A',235,1355,0,0,0),(7,'SP-5110',5,'N/A',466,256,235,0,0),(10,'SP-5110',6,'N/A',222,333,0,0,0),(11,'SP-5110',7,'N/A',333,444,555,666,777),(2,'SP-5110',1,'N/A',0,0,0,0,0),(12,'SP-5110',1,'N/A',0,0,0,0,0),(13,'SP-5110',1,'N/A',0,0,0,0,0),(14,'SP-5110',1,'N/A',0,0,0,0,0),(15,'SP-5110',1,'N/A',0,0,0,0,0),(16,'SP-5110',1,'N/A',0,0,0,0,0),(17,'SP-5110',1,'N/A',0,0,0,0,0),(1,'FA28MW400886',8,'N/A',890,0,0,0,0),(3,'FA28MW400886',9,'N/A',765,556,0,0,0),(4,'FA28MW400886',10,'N/A',543,0,0,0,0),(6,'FA28MW400886',11,'N/A',788,766,0,0,0),(7,'FA28MW400886',12,'N/A',333,456,754,0,0),(10,'FA28MW400886',13,'N/A',234,222,0,0,0),(11,'FA28MW400886',14,'N/A',786,367,285,379,904),(2,'FA28MW400886',1,'N/A',0,0,0,0,0),(12,'FA28MW400886',1,'N/A',0,0,0,0,0),(13,'FA28MW400886',1,'N/A',0,0,0,0,0),(14,'FA28MW400886',1,'N/A',0,0,0,0,0),(15,'FA28MW400886',1,'N/A',0,0,0,0,0),(16,'FA28MW400886',1,'N/A',0,0,0,0,0),(17,'FA28MW400886',1,'N/A',0,0,0,0,0);

#
# Structure for table "user"
#

CREATE TABLE `user` (
  `id_user` int(11) NOT NULL DEFAULT '0',
  `name_user` varchar(45) NOT NULL DEFAULT '',
  `password` varchar(45) NOT NULL,
  `permission` int(1) NOT NULL DEFAULT '0',
  `avatar` varchar(255) NOT NULL DEFAULT '',
  `sesion` date NOT NULL DEFAULT '0000-00-00',
  PRIMARY KEY (`id_user`),
  UNIQUE KEY `idusuarios_UNIQUE` (`id_user`)
) ENGINE=InnoDB DEFAULT CHARSET=latin1;

#
# Data for table "user"
#

INSERT INTO `user` VALUES (1,'admin','admin',1,'file:C:/application/user/icons/admin.png','2014-10-10'),(2,'uclides','morales',0,'file:C:/application/user/icons/user.png','2014-10-10');

#
# Structure for table "user_preferences"
#

CREATE TABLE `user_preferences` (
  `u_pref` int(11) NOT NULL DEFAULT '0',
  `id_pref` int(11) NOT NULL DEFAULT '0',
  `desc_pref` varchar(255) NOT NULL DEFAULT '',
  KEY `id_pref` (`u_pref`),
  CONSTRAINT `id_pref` FOREIGN KEY (`u_pref`) REFERENCES `preferences` (`id_preference`),
  CONSTRAINT `u_pref` FOREIGN KEY (`u_pref`) REFERENCES `user` (`id_user`)
) ENGINE=InnoDB DEFAULT CHARSET=latin1;

#
# Data for table "user_preferences"
#

INSERT INTO `user_preferences` VALUES (1,1,'true');
